id,label,folder,name,length,width,knotCount,tailYAtX0,verticalTail,file
"001","","1template","5.10JJs38L.brd","177.80","56.98","4","7.60","0","/Users/protoplastico/Desktop/boarddata/1template/5.10JJs38L.brd"
"002","","1template","9.6MDnoserider68L.brd","289.56","56.55","4","6.20","1","/Users/protoplastico/Desktop/boarddata/1template/9.6MDnoserider68L.brd"
"003","","1template/Fatum","5.10chilpil33L.brd","177.80","50.87","3","2.45","0","/Users/protoplastico/Desktop/boarddata/1template/Fatum/5.10chilpil33L.brd"
"004","","1template/Fatum","5.10fish40L.brd","178.69","60.31","5","15.92","1","/Users/protoplastico/Desktop/boarddata/1template/Fatum/5.10fish40L.brd"
"005","","1template/Fatum","5.10thrillpill30L.brd","177.80","49.62","5","2.44","0","/Users/protoplastico/Desktop/boarddata/1template/Fatum/5.10thrillpill30L.brd"
"006","","1template/Fatum","5.11bulldog30L.brd","180.34","50.53","4","3.35","0","/Users/protoplastico/Desktop/boarddata/1template/Fatum/5.11bulldog30L.brd"
"007","","1template/Fatum","5.11disco33L.brd","180.34","49.91","4","9.89","1","/Users/protoplastico/Desktop/boarddata/1template/Fatum/5.11disco33L.brd"
"008","","1template/Fatum","5.4ripper25L.brd","162.56","49.91","4","5.44","0","/Users/protoplastico/Desktop/boarddata/1template/Fatum/5.4ripper25L.brd"
"009","","1template/Fatum","5.4wire17.7L.brd","160.02","42.27","4","3.35","0","/Users/protoplastico/Desktop/boarddata/1template/Fatum/5.4wire17.7L.brd"
"010","","1template/Fatum","5.6habano30L.brd","167.64","53.26","4","10.00","1","/Users/protoplastico/Desktop/boarddata/1template/Fatum/5.6habano30L.brd"
"011","","1template/Fatum","6.0flyingfish32L.brd","182.88","51.32","4","7.61","1","/Users/protoplastico/Desktop/boarddata/1template/Fatum/6.0flyingfish32L.brd"
"012","","1template/Fatum","6.0giant39L.brd","182.88","55.16","5","11.76","1","/Users/protoplastico/Desktop/boarddata/1template/Fatum/6.0giant39L.brd"
"013","","1template/Fatum","6.10arnold39L.brd","208.28","51.18","4","4.42","0","/Users/protoplastico/Desktop/boarddata/1template/Fatum/6.10arnold39L.brd"
"014","","1template/Fatum","6.1bond27.5L.brd","190.50","46.15","3","1.50","0","/Users/protoplastico/Desktop/boarddata/1template/Fatum/6.1bond27.5L.brd"
"015","","1template/Fatum","6.1fusion26L.brd","185.42","47.28","4","3.98","0","/Users/protoplastico/Desktop/boarddata/1template/Fatum/6.1fusion26L.brd"
"016","","1template/Fatum","6.1Q429L.brd","185.42","49.64","4","2.20","0","/Users/protoplastico/Desktop/boarddata/1template/Fatum/6.1Q429L.brd"
"017","","1template/Fatum","6.1skipper29L.brd","185.42","47.28","4","4.88","0","/Users/protoplastico/Desktop/boarddata/1template/Fatum/6.1skipper29L.brd"
"018","","1template/Fatum","6.2axion32L.brd","187.96","49.65","6","7.11","1","/Users/protoplastico/Desktop/boarddata/1template/Fatum/6.2axion32L.brd"
"019","","1template/Fatum","6.4supersix35L.brd","193.04","50.88","3","2.04","0","/Users/protoplastico/Desktop/boarddata/1template/Fatum/6.4supersix35L.brd"
"020","","1template/Fatum","6.6froid39L.brd","198.12","53.27","3","1.41","0","/Users/protoplastico/Desktop/boarddata/1template/Fatum/6.6froid39L.brd"
"021","","1template/Fatum","6.8duke47L.brd","203.20","57.83","5","1.72","0","/Users/protoplastico/Desktop/boarddata/1template/Fatum/6.8duke47L.brd"
"022","","1template/Fatum","6.8MOBY44L.brd","203.20","57.83","3","1.84","0","/Users/protoplastico/Desktop/boarddata/1template/Fatum/6.8MOBY44L.brd"
"023","","1template/Fatum","7.0superseven44L.brd","213.36","56.11","3","1.32","0","/Users/protoplastico/Desktop/boarddata/1template/Fatum/7.0superseven44L.brd"
"024","","1template/Fatum","7.2dolphin44L.brd","218.44","54.09","4","5.20","0","/Users/protoplastico/Desktop/boarddata/1template/Fatum/7.2dolphin44L.brd"
"025","","1template/Fatum","8buffer54L.brd","243.84","56.27","4","3.05","0","/Users/protoplastico/Desktop/boarddata/1template/Fatum/8buffer54L.brd"
"026","","1template/Fatum","9.0sniper71L.brd","274.32","54.19","3","1.09","0","/Users/protoplastico/Desktop/boarddata/1template/Fatum/9.0sniper71L.brd"
"027","","1template/Fatum","9.0therapy71L.brd","274.32","55.56","4","7.15","1","/Users/protoplastico/Desktop/boarddata/1template/Fatum/9.0therapy71L.brd"
"028","","1template/Fatum","9.2firm66L.brd","279.40","57.85","3","2.13","0","/Users/protoplastico/Desktop/boarddata/1template/Fatum/9.2firm66L.brd"
"029","","1template/Fatum","9.4majestic65L.brd","284.48","56.04","5","2.31","0","/Users/protoplastico/Desktop/boarddata/1template/Fatum/9.4majestic65L.brd"
"030","","1template/Fatum","9.ze 4done72L.brd","284.48","58.43","4","2.31","0","/Users/protoplastico/Desktop/boarddata/1template/Fatum/9.ze 4done72L.brd"
"031","","1template/Harbour","9.6classicNoserider72L.brd","289.56","54.38","4","6.35","1","/Users/protoplastico/Desktop/boarddata/1template/Harbour/9.6classicNoserider72L.brd"
"032","","1template/Harbour","9.6classicPig75L.brd","289.56","57.38","4","6.28","1","/Users/protoplastico/Desktop/boarddata/1template/Harbour/9.6classicPig75L.brd"
"033","","1template/Harbour","9.6ClassicPinnose62L.brd","289.56","54.38","4","6.35","1","/Users/protoplastico/Desktop/boarddata/1template/Harbour/9.6ClassicPinnose62L.brd"
"034","","1template/Harbour","9.7roundtailMOD77L.brd","292.61","57.84","3","1.47","0","/Users/protoplastico/Desktop/boarddata/1template/Harbour/9.7roundtailMOD77L.brd"
"035","","Alex knost BMT","6.6disco36L.brd","198.12","55.10","3","1.18","0","/Users/protoplastico/Desktop/boarddata/Alex knost BMT/6.6disco36L.brd"
"036","","Alex knost BMT","7.9gun32L.brd","236.22","45.51","4","0.72","1","/Users/protoplastico/Desktop/boarddata/Alex knost BMT/7.9gun32L.brd"
"037","","Alex knost BMT","9.6flatrocker55L.brd","289.56","60.25","4","11.44","1","/Users/protoplastico/Desktop/boarddata/Alex knost BMT/9.6flatrocker55L.brd"
"038","","Alex knost BMT","9.6noserider51L.brd","289.56","57.24","4","7.79","1","/Users/protoplastico/Desktop/boarddata/Alex knost BMT/9.6noserider51L.brd"
"039","","almond","7.2egg.brd","219.46","57.78","4","1.46","0","/Users/protoplastico/Desktop/boarddata/almond/7.2egg.brd"
"040","","almond","7.2pinlessrocker.brd","219.46","57.78","4","1.53","0","/Users/protoplastico/Desktop/boarddata/almond/7.2pinlessrocker.brd"
"041","","almond","7.2pintail.brd","219.46","57.78","4","1.53","0","/Users/protoplastico/Desktop/boarddata/almond/7.2pintail.brd"
"042","","almond","7.2planaria.brd","219.46","58.44","4","1.54","0","/Users/protoplastico/Desktop/boarddata/almond/7.2planaria.brd"
"043","","almond","7.2spam.brd","219.46","58.44","4","1.54","0","/Users/protoplastico/Desktop/boarddata/almond/7.2spam.brd"
"044","","almond","spamhighrocker.brd","219.46","58.44","4","1.38","0","/Users/protoplastico/Desktop/boarddata/almond/spamhighrocker.brd"
"045","","armond","5.8egg32L.brd","173.74","44.08","4","1.05","0","/Users/protoplastico/Desktop/boarddata/armond/5.8egg32L.brd"
"046","","armond","7.2egg.brd","219.46","57.78","4","1.46","0","/Users/protoplastico/Desktop/boarddata/armond/7.2egg.brd"
"047","","armond","7.2pinlessrocker.brd","219.46","57.78","4","1.53","0","/Users/protoplastico/Desktop/boarddata/armond/7.2pinlessrocker.brd"
"048","","armond","7.2pintail.brd","219.46","57.78","4","1.53","0","/Users/protoplastico/Desktop/boarddata/armond/7.2pintail.brd"
"049","","armond","7.2planaria.brd","219.46","58.44","4","1.54","0","/Users/protoplastico/Desktop/boarddata/armond/7.2planaria.brd"
"050","","armond","7.2spam.brd","219.46","58.44","4","1.54","0","/Users/protoplastico/Desktop/boarddata/armond/7.2spam.brd"
"051","","armond","spamhighrocker.brd","219.46","58.44","4","1.38","0","/Users/protoplastico/Desktop/boarddata/armond/spamhighrocker.brd"
"052","","Bob Simmons","1949 10.6planinghull102L.brd","320.04","57.49","5","17.94","0","/Users/protoplastico/Desktop/boarddata/Bob Simmons/1949 10.6planinghull102L.brd"
"053","","Bob Simmons","1950 10.6planinghull96L.brd","320.04","57.22","5","17.76","0","/Users/protoplastico/Desktop/boarddata/Bob Simmons/1950 10.6planinghull96L.brd"
"054","","Bob Simmons","1950 9planinghull80L.brd","274.32","57.22","5","18.13","0","/Users/protoplastico/Desktop/boarddata/Bob Simmons/1950 9planinghull80L.brd"
"055","","Canvas","5.10fish40L.brd","178.69","60.31","5","15.92","1","/Users/protoplastico/Desktop/boarddata/Canvas/5.10fish40L.brd"
"056","","Canvas","5'10Fish.brd","178.69","60.31","5","15.92","1","/Users/protoplastico/Desktop/boarddata/Canvas/5'10Fish.brd"
"057","","Canvas","6'10Fish.brd","209.07","50.64","5","14.83","1","/Users/protoplastico/Desktop/boarddata/Canvas/6'10Fish.brd"
"058","","Chanel island","6.0DumpsterDriver35L.brd","182.88","51.38","6","5.31","1","/Users/protoplastico/Desktop/boarddata/Chanel island/6.0DumpsterDriver35L.brd"
"059","","Chanel island","6.0girrabit30L.brd","182.88","48.10","6","5.95","1","/Users/protoplastico/Desktop/boarddata/Chanel island/6.0girrabit30L.brd"
"060","","Chanel island","6.0rookie29L.brd","182.88","48.10","6","4.28","1","/Users/protoplastico/Desktop/boarddata/Chanel island/6.0rookie29L.brd"
"061","","Chanel island","6.0Zeus32L.brd","182.88","48.10","6","5.52","1","/Users/protoplastico/Desktop/boarddata/Chanel island/6.0Zeus32L.brd"
"062","","Chanel island","6.2BlackBeauty30L.brd","187.96","46.99","5","1.47","0","/Users/protoplastico/Desktop/boarddata/Chanel island/6.2BlackBeauty30L.brd"
"063","","Chanel island","6.2Rocket9.brd","187.96","50.68","6","4.89","1","/Users/protoplastico/Desktop/boarddata/Chanel island/6.2Rocket9.brd"
"064","","Channel islands","5.7spermWhale32l.brd","170.18","55.88","5","9.86","1","/Users/protoplastico/Desktop/boarddata/Channel islands/5.7spermWhale32l.brd"
"065","","Channel islands","5.9joe39l.brd","175.26","56.09","5","6.80","0","/Users/protoplastico/Desktop/boarddata/Channel islands/5.9joe39l.brd"
"066","","Channel islands","5.9neckbeard31L.brd","172.72","49.96","5","10.11","1","/Users/protoplastico/Desktop/boarddata/Channel islands/5.9neckbeard31L.brd"
"067","","Channel islands","6.0Blackwhite.brd","182.88","51.79","5","6.52","0","/Users/protoplastico/Desktop/boarddata/Channel islands/6.0Blackwhite.brd"
"068","","Channel islands","6.0Sampler37L.brd","182.88","51.79","5","6.52","0","/Users/protoplastico/Desktop/boarddata/Channel islands/6.0Sampler37L.brd"
"069","","Channel islands","6.0SamplerS29L.brd","182.88","51.79","5","6.52","0","/Users/protoplastico/Desktop/boarddata/Channel islands/6.0SamplerS29L.brd"
"070","","Channel islands","6.2DFR34L.brd","187.96","48.69","5","6.98","1","/Users/protoplastico/Desktop/boarddata/Channel islands/6.2DFR34L.brd"
"071","","Channel islands","7.7spermWhale32l.brd","231.14","55.87","5","3.09","0","/Users/protoplastico/Desktop/boarddata/Channel islands/7.7spermWhale32l.brd"
"072","","cooperfish","7.8fatfish80L.brd","234.57","61.11","5","16.77","0","/Users/protoplastico/Desktop/boarddata/cooperfish/7.8fatfish80L.brd"
"073","","deus ex macina","6.6singlefin32L.brd","198.12","50.77","3","0.62","0","/Users/protoplastico/Desktop/boarddata/deus ex macina/6.6singlefin32L.brd"
"074","","deus ex macina","7.2midlength44L.brd","218.44","51.08","3","2.61","0","/Users/protoplastico/Desktop/boarddata/deus ex macina/7.2midlength44L.brd"
"075","","deus ex macina","7.2single40L.brd","218.44","51.60","4","1.10","0","/Users/protoplastico/Desktop/boarddata/deus ex macina/7.2single40L.brd"
"076","","deus ex macina","7.6JoelFitzgerald41L.brd","228.60","55.80","5","3.54","1","/Users/protoplastico/Desktop/boarddata/deus ex macina/7.6JoelFitzgerald41L.brd"
"077","","Driftwood caravan","7.2midlength51L.brd","218.44","58.02","4","8.31","0","/Users/protoplastico/Desktop/boarddata/Driftwood caravan/7.2midlength51L.brd"
"078","","fatum surf","5.10chilpil33L.brd","177.80","50.87","3","2.45","0","/Users/protoplastico/Desktop/boarddata/fatum surf/5.10chilpil33L.brd"
"079","","fatum surf","5.10thrillpill30L.brd","177.80","49.62","5","2.44","0","/Users/protoplastico/Desktop/boarddata/fatum surf/5.10thrillpill30L.brd"
"080","","fatum surf","5.11bulldog30L.brd","180.34","50.53","4","3.35","0","/Users/protoplastico/Desktop/boarddata/fatum surf/5.11bulldog30L.brd"
"081","","fatum surf","5.11disco33L.brd","180.34","49.91","4","9.89","1","/Users/protoplastico/Desktop/boarddata/fatum surf/5.11disco33L.brd"
"082","","fatum surf","5.4wire17.7L.brd","160.02","42.27","4","3.35","0","/Users/protoplastico/Desktop/boarddata/fatum surf/5.4wire17.7L.brd"
"083","","fatum surf","5.6habano30L.brd","167.64","53.26","4","10.00","1","/Users/protoplastico/Desktop/boarddata/fatum surf/5.6habano30L.brd"
"084","","fatum surf","6.0flyingfish32L.brd","182.88","51.32","4","7.61","1","/Users/protoplastico/Desktop/boarddata/fatum surf/6.0flyingfish32L.brd"
"085","","fatum surf","6.0giant39L.brd","182.88","55.16","5","11.76","1","/Users/protoplastico/Desktop/boarddata/fatum surf/6.0giant39L.brd"
"086","","fatum surf","6.10arnold39L.brd","208.28","51.18","4","4.42","0","/Users/protoplastico/Desktop/boarddata/fatum surf/6.10arnold39L.brd"
"087","","fatum surf","6.1bond27.5L.brd","190.50","46.15","3","1.50","0","/Users/protoplastico/Desktop/boarddata/fatum surf/6.1bond27.5L.brd"
"088","","fatum surf","6.1fusion26L.brd","185.42","47.28","4","3.98","0","/Users/protoplastico/Desktop/boarddata/fatum surf/6.1fusion26L.brd"
"089","","fatum surf","6.1Q429L.brd","185.42","49.64","4","2.20","0","/Users/protoplastico/Desktop/boarddata/fatum surf/6.1Q429L.brd"
"090","","fatum surf","6.1skipper29L.brd","185.42","47.28","4","4.88","0","/Users/protoplastico/Desktop/boarddata/fatum surf/6.1skipper29L.brd"
"091","","fatum surf","6.2axion32L.brd","187.96","49.65","6","7.11","1","/Users/protoplastico/Desktop/boarddata/fatum surf/6.2axion32L.brd"
"092","","fatum surf","6.4supersix35L.brd","193.04","50.88","3","2.04","0","/Users/protoplastico/Desktop/boarddata/fatum surf/6.4supersix35L.brd"
"093","","fatum surf","6.6froid39L.brd","198.12","53.27","3","1.41","0","/Users/protoplastico/Desktop/boarddata/fatum surf/6.6froid39L.brd"
"094","","fatum surf","6.8duke47L.brd","203.20","57.83","5","1.72","0","/Users/protoplastico/Desktop/boarddata/fatum surf/6.8duke47L.brd"
"095","","fatum surf","6.8MOBY44L.brd","203.20","57.83","3","1.84","0","/Users/protoplastico/Desktop/boarddata/fatum surf/6.8MOBY44L.brd"
"096","","fatum surf","7.0superseven44L.brd","213.36","56.11","3","1.32","0","/Users/protoplastico/Desktop/boarddata/fatum surf/7.0superseven44L.brd"
"097","","fatum surf","7.2dolphin44L.brd","218.44","54.09","4","5.20","0","/Users/protoplastico/Desktop/boarddata/fatum surf/7.2dolphin44L.brd"
"098","","fatum surf","8buffer54L.brd","243.84","56.27","4","3.05","0","/Users/protoplastico/Desktop/boarddata/fatum surf/8buffer54L.brd"
"099","","fatum surf","9.0firm63L.brd","274.32","56.89","4","3.28","0","/Users/protoplastico/Desktop/boarddata/fatum surf/9.0firm63L.brd"
"100","","fatum surf","9.0sniper71L.brd","274.32","54.19","3","1.09","0","/Users/protoplastico/Desktop/boarddata/fatum surf/9.0sniper71L.brd"
"101","","fatum surf","9.0therapy71L.brd","274.32","55.56","4","7.15","1","/Users/protoplastico/Desktop/boarddata/fatum surf/9.0therapy71L.brd"
"102","","fatum surf","9.2firm66L.brd","279.40","57.85","3","2.13","0","/Users/protoplastico/Desktop/boarddata/fatum surf/9.2firm66L.brd"
"103","","fatum surf","9.4majestic65L.brd","284.48","56.04","5","2.31","0","/Users/protoplastico/Desktop/boarddata/fatum surf/9.4majestic65L.brd"
"104","","fatum surf","9.ze 4done72L.brd","284.48","58.43","4","2.31","0","/Users/protoplastico/Desktop/boarddata/fatum surf/9.ze 4done72L.brd"
"105","","Firewire","6.0creeper33L.brd","182.88","52.88","4","1.59","0","/Users/protoplastico/Desktop/boarddata/Firewire/6.0creeper33L.brd"
"106","","Firewire","6.0Gamma33L.brd","182.88","50.51","5","5.31","0","/Users/protoplastico/Desktop/boarddata/Firewire/6.0Gamma33L.brd"
"107","","gatoheroi","9.11killer.brd","302.26","55.29","4","7.64","1","/Users/protoplastico/Desktop/boarddata/gatoheroi/9.11killer.brd"
"108","","gatoheroi","9.1fatboy.brd","276.86","54.93","5","8.19","1","/Users/protoplastico/Desktop/boarddata/gatoheroi/9.1fatboy.brd"
"109","","gatoheroi","9.1playboy.brd","276.86","54.93","5","7.82","1","/Users/protoplastico/Desktop/boarddata/gatoheroi/9.1playboy.brd"
"110","","gatoheroi","9.9killer62L.brd","297.18","54.82","5","7.14","1","/Users/protoplastico/Desktop/boarddata/gatoheroi/9.9killer62L.brd"
"111","","gatoheroi","9.9playboy60L.brd","297.18","58.94","4","2.64","0","/Users/protoplastico/Desktop/boarddata/gatoheroi/9.9playboy60L.brd"
"112","","greg noll","8.4bugmodel77L.brd","246.89","58.51","5","11.07","1","/Users/protoplastico/Desktop/boarddata/greg noll/8.4bugmodel77L.brd"
"113","","Habor","9.6ceeter67L.brd","289.56","57.38","4","7.15","1","/Users/protoplastico/Desktop/boarddata/Habor/9.6ceeter67L.brd"
"114","","Habor","9.6classicNoserider72L.brd","289.56","54.38","4","6.35","1","/Users/protoplastico/Desktop/boarddata/Habor/9.6classicNoserider72L.brd"
"115","","Habor","9.6classicPig75L.brd","289.56","57.38","4","6.28","1","/Users/protoplastico/Desktop/boarddata/Habor/9.6classicPig75L.brd"
"116","","Habor","9.6ClassicPinnose62L.brd","289.56","54.38","4","6.35","1","/Users/protoplastico/Desktop/boarddata/Habor/9.6ClassicPinnose62L.brd"
"117","","Habor","9.7roundtailMOD77L.brd","292.61","57.84","3","1.47","0","/Users/protoplastico/Desktop/boarddata/Habor/9.7roundtailMOD77L.brd"
"118","","Habor","9.brd","292.61","57.84","3","1.47","0","/Users/protoplastico/Desktop/boarddata/Habor/9.brd"
"119","","HotCarl","12'Hotcarl-T-head.brd","370.84","62.36","5","6.54","1","/Users/protoplastico/Desktop/boarddata/HotCarl/12'Hotcarl-T-head.brd"
"120","","HotCarl","12'Hotcarl.brd","370.84","62.36","5","6.54","1","/Users/protoplastico/Desktop/boarddata/HotCarl/12'Hotcarl.brd"
"121","","HotCarl","hotcarl.brd","370.84","63.47","5","4.46","1","/Users/protoplastico/Desktop/boarddata/HotCarl/hotcarl.brd"
"122","","HPD","6.8CLminimal39L.brd","203.20","49.83","4","2.05","0","/Users/protoplastico/Desktop/boarddata/HPD/6.8CLminimal39L.brd"
"123","","Jed noll","9.6MDnoserider68L.brd","289.56","56.55","4","6.20","1","/Users/protoplastico/Desktop/boarddata/Jed noll/9.6MDnoserider68L.brd"
"124","","joel tudor","6.10bonzer40L.brd","208.28","57.82","4","2.94","0","/Users/protoplastico/Desktop/boarddata/joel tudor/6.10bonzer40L.brd"
"125","","joel tudor","6.8shres42L.brd","203.20","57.83","3","2.54","0","/Users/protoplastico/Desktop/boarddata/joel tudor/6.8shres42L.brd"
"126","","joel tudor","7.10singlegun48L.brd","238.76","52.81","3","1.13","0","/Users/protoplastico/Desktop/boarddata/joel tudor/7.10singlegun48L.brd"
"127","","joel tudor","8.6diamondtail65L.brd","259.08","58.11","4","3.27","0","/Users/protoplastico/Desktop/boarddata/joel tudor/8.6diamondtail65L.brd"
"128","","joel tudor","9.3flatpinnose70L.brd","281.94","56.78","4","7.04","1","/Users/protoplastico/Desktop/boarddata/joel tudor/9.3flatpinnose70L.brd"
"129","","joel tudor","9.6alamoana76L.brd","289.56","59.05","3","0.86","0","/Users/protoplastico/Desktop/boarddata/joel tudor/9.6alamoana76L.brd"
"130","","joel tudor","9.6grande76L.brd","289.56","58.11","5","10.16","1","/Users/protoplastico/Desktop/boarddata/joel tudor/9.6grande76L.brd"
"131","","joel tudor","9.6haffy73L.brd","289.56","58.11","5","8.25","1","/Users/protoplastico/Desktop/boarddata/joel tudor/9.6haffy73L.brd"
"132","","joel tudor","9.6santana78L.brd","289.56","59.76","5","3.78","0","/Users/protoplastico/Desktop/boarddata/joel tudor/9.6santana78L.brd"
"133","","joel tudor","9.6Wideflat81L.brd","289.56","62.30","5","5.78","0","/Users/protoplastico/Desktop/boarddata/joel tudor/9.6Wideflat81L.brd"
"134","","john wasley","8.1Midpintail58L.brd","246.38","55.23","3","1.00","0","/Users/protoplastico/Desktop/boarddata/john wasley/8.1Midpintail58L.brd"
"135","","john wasley","9.3flatpinnose70L.brd","246.38","56.78","4","7.17","1","/Users/protoplastico/Desktop/boarddata/john wasley/9.3flatpinnose70L.brd"
"136","","junod","9.3sanddoll80L.brd","281.94","61.50","4","10.84","1","/Users/protoplastico/Desktop/boarddata/junod/9.3sanddoll80L.brd"
"137","","junod","9.7nowski74L.brd","289.56","56.45","4","8.25","1","/Users/protoplastico/Desktop/boarddata/junod/9.7nowski74L.brd"
"138","","Keyo","5.9gill-wing31L.brd","175.26","54.87","5","5.46","0","/Users/protoplastico/Desktop/boarddata/Keyo/5.9gill-wing31L.brd"
"139","","Keyo","6.6egg40L.brd","198.12","54.61","3","2.59","0","/Users/protoplastico/Desktop/boarddata/Keyo/6.6egg40L.brd"
"140","","Keyo","9.6k-log68L.brd","289.56","57.78","4","5.93","1","/Users/protoplastico/Desktop/boarddata/Keyo/9.6k-log68L.brd"
"141","","Keyo","9.6noserider69L.brd","289.56","56.55","4","8.67","1","/Users/protoplastico/Desktop/boarddata/Keyo/9.6noserider69L.brd"
"142","","Keyo","9.6OalmePin75L.brd","297.18","59.18","4","1.40","0","/Users/protoplastico/Desktop/boarddata/Keyo/9.6OalmePin75L.brd"
"143","","Keyo","9.brd","289.56","63.50","4","8.74","1","/Users/protoplastico/Desktop/boarddata/Keyo/9.brd"
"144","","longboard","8.8mini56L.brd","259.08","53.36","5","8.65","1","/Users/protoplastico/Desktop/boarddata/longboard/8.8mini56L.brd"
"145","","longboard","9.6CJnelson87L.brd","289.56","59.65","4","7.40","1","/Users/protoplastico/Desktop/boarddata/longboard/9.6CJnelson87L.brd"
"146","","longboard","9.8CJnelsonPIG88L.brd","294.64","59.30","4","7.40","1","/Users/protoplastico/Desktop/boarddata/longboard/9.8CJnelsonPIG88L.brd"
"147","","longboard","9.8lightlog73L.brd","294.64","56.36","5","1.68","0","/Users/protoplastico/Desktop/boarddata/longboard/9.8lightlog73L.brd"
"148","","longboard","9.8malibu74L.brd","294.64","55.07","4","7.40","1","/Users/protoplastico/Desktop/boarddata/longboard/9.8malibu74L.brd"
"149","","maluku","9.0mal74L.brd","274.32","58.44","5","10.54","1","/Users/protoplastico/Desktop/boarddata/maluku/9.0mal74L.brd"
"150","","mandara","5.9mandala35L.brd","175.26","54.99","5","5.35","0","/Users/protoplastico/Desktop/boarddata/mandara/5.9mandala35L.brd"
"151","","protoplastico","10 すすき83L.brd","335.28","60.47","3","0.00","0","/Users/protoplastico/Desktop/boarddata/protoplastico/10 すすき83L.brd"
"152","","protoplastico","10.0おほゐぐさ77L.brd","304.80","59.06","4","10.96","1","/Users/protoplastico/Desktop/boarddata/protoplastico/10.0おほゐぐさ77L.brd"
"153","","protoplastico","10.0をばな79L.brd","304.80","58.13","4","4.86","1","/Users/protoplastico/Desktop/boarddata/protoplastico/10.0をばな79L.brd"
"154","","protoplastico","10.6あさぢ102L.brd","320.04","57.49","5","17.94","0","/Users/protoplastico/Desktop/boarddata/protoplastico/10.6あさぢ102L.brd"
"155","","protoplastico","10.6つばな96L.brd","320.04","57.22","5","17.76","0","/Users/protoplastico/Desktop/boarddata/protoplastico/10.6つばな96L.brd"
"156","","protoplastico","11.6 ひえ107L.brd","353.57","61.50","3","0.00","0","/Users/protoplastico/Desktop/boarddata/protoplastico/11.6 ひえ107L.brd"
"157","","protoplastico","11すすき99L.brd","294.64","56.36","5","1.85","0","/Users/protoplastico/Desktop/boarddata/protoplastico/11すすき99L.brd"
"158","","protoplastico","12.0つちはり158.brd","325.12","50.16","5","5.40","1","/Users/protoplastico/Desktop/boarddata/protoplastico/12.0つちはり158.brd"
"159","","protoplastico","12.7 bishop museum alaia 6809.brd","385.92","49.85","5","15.83","1","/Users/protoplastico/Desktop/boarddata/protoplastico/12.7 bishop museum alaia 6809.brd"
"160","","protoplastico","12.8おみなえし244L.brd","386.40","61.33","4","5.01","1","/Users/protoplastico/Desktop/boarddata/protoplastico/12.8おみなえし244L.brd"
"161","","protoplastico","14 hawaii olo.brd","441.96","49.85","5","13.99","1","/Users/protoplastico/Desktop/boarddata/protoplastico/14 hawaii olo.brd"
"162","","protoplastico","15.6 bishop museum olo 298.brd","477.52","44.41","5","6.85","0","/Users/protoplastico/Desktop/boarddata/protoplastico/15.6 bishop museum olo 298.brd"
"163","","protoplastico","4.2まくわうり16L.brd","127.00","91.64","4","10.31","0","/Users/protoplastico/Desktop/boarddata/protoplastico/4.2まくわうり16L.brd"
"164","","protoplastico","5.10あふひ45L.brd","178.69","52.55","4","7.44","0","/Users/protoplastico/Desktop/boarddata/protoplastico/5.10あふひ45L.brd"
"165","","protoplastico","5.10うけら33L.brd","177.80","53.62","3","2.24","0","/Users/protoplastico/Desktop/boarddata/protoplastico/5.10うけら33L.brd"
"166","","protoplastico","5.10やまたず28L.brd","177.80","49.62","5","2.44","0","/Users/protoplastico/Desktop/boarddata/protoplastico/5.10やまたず28L.brd"
"167","","protoplastico","5.11こうぞ5.brd","180.85","53.50","6","0.66","0","/Users/protoplastico/Desktop/boarddata/protoplastico/5.11こうぞ5.brd"
"168","","protoplastico","5.11つまま30L.brd","180.34","50.53","4","3.35","0","/Users/protoplastico/Desktop/boarddata/protoplastico/5.11つまま30L.brd"
"169","","protoplastico","5.4しきみ28L.brd","163.07","50.23","3","2.84","0","/Users/protoplastico/Desktop/boarddata/protoplastico/5.4しきみ28L.brd"
"170","","protoplastico","5.4つみ28L.brd","162.56","49.91","4","5.44","0","/Users/protoplastico/Desktop/boarddata/protoplastico/5.4つみ28L.brd"
"171","","protoplastico","5.5なぎ32L.brd","165.99","51.71","5","12.00","1","/Users/protoplastico/Desktop/boarddata/protoplastico/5.5なぎ32L.brd"
"172","","protoplastico","5.6なつめ32L.brd","167.64","53.26","4","10.00","1","/Users/protoplastico/Desktop/boarddata/protoplastico/5.6なつめ32L.brd"
"173","","protoplastico","5.7かきつばた3１L.brd","171.70","49.14","7","1.44","1","/Users/protoplastico/Desktop/boarddata/protoplastico/5.7かきつばた3１L.brd"
"174","","protoplastico","5.9え39L.brd","176.78","53.56","10","1.48","1","/Users/protoplastico/Desktop/boarddata/protoplastico/5.9え39L.brd"
"175","","protoplastico","5.9かづのき35L.brd","176.78","52.29","6","5.26","1","/Users/protoplastico/Desktop/boarddata/protoplastico/5.9かづのき35L.brd"
"176","","protoplastico","5.9ひし31L.brd","175.26","54.87","5","5.46","0","/Users/protoplastico/Desktop/boarddata/protoplastico/5.9ひし31L.brd"
"177","","protoplastico","5.brd","165.99","52.24","5","12.06","0","/Users/protoplastico/Desktop/boarddata/protoplastico/5.brd"
"178","","protoplastico","6.0あふち35L.brd","182.88","51.38","6","5.31","1","/Users/protoplastico/Desktop/boarddata/protoplastico/6.0あふち35L.brd"
"179","","protoplastico","6.0かし34L.brd","182.88","48.10","6","5.95","1","/Users/protoplastico/Desktop/boarddata/protoplastico/6.0かし34L.brd"
"180","","protoplastico","6.0しらつつじ34L.brd","182.88","51.85","3","1.45","0","/Users/protoplastico/Desktop/boarddata/protoplastico/6.0しらつつじ34L.brd"
"181","","protoplastico","6.0たはみづら32L.brd","182.88","48.10","6","4.53","1","/Users/protoplastico/Desktop/boarddata/protoplastico/6.0たはみづら32L.brd"
"182","","protoplastico","6.0つばき39L.brd","182.88","56.93","3","1.96","0","/Users/protoplastico/Desktop/boarddata/protoplastico/6.0つばき39L.brd"
"183","","protoplastico","6.0ははそ32L.brd","182.88","51.32","4","5.61","1","/Users/protoplastico/Desktop/boarddata/protoplastico/6.0ははそ32L.brd"
"184","","protoplastico","6.1うのはな33L.brd","185.42","47.28","4","4.88","0","/Users/protoplastico/Desktop/boarddata/protoplastico/6.1うのはな33L.brd"
"185","","protoplastico","6.1かほばな34L.brd","185.42","51.17","8","7.59","1","/Users/protoplastico/Desktop/boarddata/protoplastico/6.1かほばな34L.brd"
"186","","protoplastico","6.1つな29L.brd","185.42","49.64","4","2.20","0","/Users/protoplastico/Desktop/boarddata/protoplastico/6.1つな29L.brd"
"187","","protoplastico","6.2やまあい36L.brd","187.96","52.23","6","3.78","1","/Users/protoplastico/Desktop/boarddata/protoplastico/6.2やまあい36L.brd"
"188","","protoplastico","6.2やまたちばな30L.brd","187.96","47.76","5","1.47","0","/Users/protoplastico/Desktop/boarddata/protoplastico/6.2やまたちばな30L.brd"
"189","","protoplastico","6.6かはらふじ41L.brd","198.12","54.67","3","2.53","0","/Users/protoplastico/Desktop/boarddata/protoplastico/6.6かはらふじ41L.brd"
"190","","protoplastico","6.6かや40L.brd","198.12","54.61","3","2.59","0","/Users/protoplastico/Desktop/boarddata/protoplastico/6.6かや40L.brd"
"191","","protoplastico","6.6たで41L.brd","198.12","53.27","3","1.41","0","/Users/protoplastico/Desktop/boarddata/protoplastico/6.6たで41L.brd"
"192","","protoplastico","6.6ふじ44L.brd","198.12","55.10","3","1.18","0","/Users/protoplastico/Desktop/boarddata/protoplastico/6.6ふじ44L.brd"
"193","","protoplastico","6.6まゆみ32L.brd","198.12","53.66","3","0.62","0","/Users/protoplastico/Desktop/boarddata/protoplastico/6.6まゆみ32L.brd"
"194","","protoplastico","6.8こなら47L.brd","203.20","57.83","5","1.72","0","/Users/protoplastico/Desktop/boarddata/protoplastico/6.8こなら47L.brd"
"195","","protoplastico","6.8さかき44L.brd","203.20","60.25","3","1.72","0","/Users/protoplastico/Desktop/boarddata/protoplastico/6.8さかき44L.brd"
"196","","protoplastico","6.8ちち39L.brd","203.20","49.83","4","2.49","0","/Users/protoplastico/Desktop/boarddata/protoplastico/6.8ちち39L.brd"
"197","","protoplastico","6.8はじ39L.brd","203.20","49.83","4","2.38","0","/Users/protoplastico/Desktop/boarddata/protoplastico/6.8はじ39L.brd"
"198","","protoplastico","6.8ふじ40L.brd","201.17","50.88","4","1.49","0","/Users/protoplastico/Desktop/boarddata/protoplastico/6.8ふじ40L.brd"
"199","","protoplastico","7.0あべたちばな48L.brd","213.36","55.31","3","0.90","0","/Users/protoplastico/Desktop/boarddata/protoplastico/7.0あべたちばな48L.brd"
"200","","protoplastico","7.0しひ44L.brd","213.36","50.88","4","3.76","0","/Users/protoplastico/Desktop/boarddata/protoplastico/7.0しひ44L.brd"
"201","","protoplastico","7.0つつじ44L.brd","210.31","51.84","3","1.23","0","/Users/protoplastico/Desktop/boarddata/protoplastico/7.0つつじ44L.brd"
"202","","protoplastico","7.10いちひ54L.brd","238.76","52.81","3","1.13","0","/Users/protoplastico/Desktop/boarddata/protoplastico/7.10いちひ54L.brd"
"203","","protoplastico","7.1からたち50L.brd","215.90","51.92","4","3.04","1","/Users/protoplastico/Desktop/boarddata/protoplastico/7.1からたち50L.brd"
"204","","protoplastico","7.2さきくさ44L.brd","218.44","54.09","4","5.20","0","/Users/protoplastico/Desktop/boarddata/protoplastico/7.2さきくさ44L.brd"
"205","","protoplastico","7.2なつめ50L.brd","218.44","51.49","5","0.00","1","/Users/protoplastico/Desktop/boarddata/protoplastico/7.2なつめ50L.brd"
"206","","protoplastico","7.2はり44L.brd","218.44","51.08","3","2.59","0","/Users/protoplastico/Desktop/boarddata/protoplastico/7.2はり44L.brd"
"207","","protoplastico","7.4すもも96L.brd","224.00","73.36","4","6.88","0","/Users/protoplastico/Desktop/boarddata/protoplastico/7.4すもも96L.brd"
"208","","protoplastico","7.6からあい47L.brd","228.60","48.89","3","1.40","0","/Users/protoplastico/Desktop/boarddata/protoplastico/7.6からあい47L.brd"
"209","","protoplastico","7.6ちち59L.brd","228.60","53.48","4","2.76","0","/Users/protoplastico/Desktop/boarddata/protoplastico/7.6ちち59L.brd"
"210","","protoplastico","7.6ふじばかま41L.brd","228.60","55.80","5","5.14","0","/Users/protoplastico/Desktop/boarddata/protoplastico/7.6ふじばかま41L.brd"
"211","","protoplastico","7.8しらかし48L.brd","233.68","53.10","4","4.83","1","/Users/protoplastico/Desktop/boarddata/protoplastico/7.8しらかし48L.brd"
"212","","protoplastico","7'8しらかし48L.brd","233.68","55.42","4","4.53","1","/Users/protoplastico/Desktop/boarddata/protoplastico/7'8しらかし48L.brd"
"213","","protoplastico","8.0かわやなぎ58L.brd","243.84","56.27","4","3.05","0","/Users/protoplastico/Desktop/boarddata/protoplastico/8.0かわやなぎ58L.brd"
"214","","protoplastico","8.0さはあららぎ54L.brd","243.84","56.27","4","3.05","0","/Users/protoplastico/Desktop/boarddata/protoplastico/8.0さはあららぎ54L.brd"
"215","","protoplastico","8.1ほほかしは62L.brd","246.38","53.37","4","5.19","1","/Users/protoplastico/Desktop/boarddata/protoplastico/8.1ほほかしは62L.brd"
"216","","protoplastico","8.1ももよぐさ60L.brd","246.38","54.73","3","1.31","0","/Users/protoplastico/Desktop/boarddata/protoplastico/8.1ももよぐさ60L.brd"
"217","","protoplastico","8.2ゆづるは57L.brd","246.89","56.98","5","6.01","0","/Users/protoplastico/Desktop/boarddata/protoplastico/8.2ゆづるは57L.brd"
"218","","protoplastico","8.6くり63L.brd","259.08","57.37","4","8.31","1","/Users/protoplastico/Desktop/boarddata/protoplastico/8.6くり63L.brd"
"219","","protoplastico","8.6ひめゆり63L.brd","259.08","57.40","3","0.99","0","/Users/protoplastico/Desktop/boarddata/protoplastico/8.6ひめゆり63L.brd"
"220","","protoplastico","8.8つがのき56L.brd","259.08","53.36","5","8.65","1","/Users/protoplastico/Desktop/boarddata/protoplastico/8.8つがのき56L.brd"
"221","","protoplastico","9.0あやめぐさ62L.brd","274.32","54.19","3","1.09","0","/Users/protoplastico/Desktop/boarddata/protoplastico/9.0あやめぐさ62L.brd"
"222","","protoplastico","9.0けい62L.brd","274.32","55.56","4","5.72","1","/Users/protoplastico/Desktop/boarddata/protoplastico/9.0けい62L.brd"
"223","","protoplastico","9.0しば58L.brd","274.32","52.56","4","2.18","0","/Users/protoplastico/Desktop/boarddata/protoplastico/9.0しば58L.brd"
"224","","protoplastico","9.0ぬばたま69L.brd","274.32","54.19","3","1.02","0","/Users/protoplastico/Desktop/boarddata/protoplastico/9.0ぬばたま69L.brd"
"225","","protoplastico","9.0はなかすみ71L.brd","274.32","55.56","4","7.15","1","/Users/protoplastico/Desktop/boarddata/protoplastico/9.0はなかすみ71L.brd"
"226","","protoplastico","9.0よもぎ60L.brd","274.32","53.10","4","1.73","0","/Users/protoplastico/Desktop/boarddata/protoplastico/9.0よもぎ60L.brd"
"227","","protoplastico","9.10もみのき77L.brd","299.72","56.72","5","6.60","1","/Users/protoplastico/Desktop/boarddata/protoplastico/9.10もみのき77L.brd"
"228","","protoplastico","9.10やどりぎ76L.brd","299.72","56.72","4","1.03","0","/Users/protoplastico/Desktop/boarddata/protoplastico/9.10やどりぎ76L.brd"
"229","","protoplastico","9.2あきのか68L.brd","279.40","56.53","3","1.32","0","/Users/protoplastico/Desktop/boarddata/protoplastico/9.2あきのか68L.brd"
"230","","protoplastico","9.2しばくさ66L.brd","279.40","57.85","3","1.42","0","/Users/protoplastico/Desktop/boarddata/protoplastico/9.2しばくさ66L.brd"
"231","","protoplastico","9.2たけ70L.brd","279.40","57.28","4","5.75","1","/Users/protoplastico/Desktop/boarddata/protoplastico/9.2たけ70L.brd"
"232","","protoplastico","9.3ささ70L.brd","282.70","56.77","3","0.54","0","/Users/protoplastico/Desktop/boarddata/protoplastico/9.3ささ70L.brd"
"233","","protoplastico","9.3なでしこ76L.brd","281.94","59.03","4","7.11","1","/Users/protoplastico/Desktop/boarddata/protoplastico/9.3なでしこ76L.brd"
"234","","protoplastico","9.4かたかご135L.brd","284.99","77.57","4","7.50","1","/Users/protoplastico/Desktop/boarddata/protoplastico/9.4かたかご135L.brd"
"235","","protoplastico","9.4まつ67L.brd","284.48","54.54","4","4.26","1","/Users/protoplastico/Desktop/boarddata/protoplastico/9.4まつ67L.brd"
"236","","protoplastico","9.4もも135L.brd","284.99","77.73","4","10.62","1","/Users/protoplastico/Desktop/boarddata/protoplastico/9.4もも135L.brd"
"237","","protoplastico","9.4をばな73L.brd","284.48","55.07","4","7.40","1","/Users/protoplastico/Desktop/boarddata/protoplastico/9.4をばな73L.brd"
"238","","protoplastico","9.6 sidewinder.brd","289.56","56.78","6","8.67","1","/Users/protoplastico/Desktop/boarddata/protoplastico/9.6 sidewinder.brd"
"239","","protoplastico","9.6かきつばた69L.brd","289.56","56.55","4","8.67","1","/Users/protoplastico/Desktop/boarddata/protoplastico/9.6かきつばた69L.brd"
"240","","protoplastico","9.6しの76L.brd","289.56","58.56","3","1.16","0","/Users/protoplastico/Desktop/boarddata/protoplastico/9.6しの76L.brd"
"241","","protoplastico","9.6すず81L.brd","289.56","62.30","5","5.78","0","/Users/protoplastico/Desktop/boarddata/protoplastico/9.6すず81L.brd"
"242","","protoplastico","9.6たけ77L.brd","289.56","57.28","4","7.93","1","/Users/protoplastico/Desktop/boarddata/protoplastico/9.6たけ77L.brd"
"243","","protoplastico","9.6ちばな68L.brd","289.56","57.78","4","5.93","1","/Users/protoplastico/Desktop/boarddata/protoplastico/9.6ちばな68L.brd"
"244","","protoplastico","9.6つがのき87L.brd","289.56","62.30","5","9.53","1","/Users/protoplastico/Desktop/boarddata/protoplastico/9.6つがのき87L.brd"
"245","","protoplastico","9.6ねぶ65L.brd","284.48","56.04","5","2.31","0","/Users/protoplastico/Desktop/boarddata/protoplastico/9.6ねぶ65L.brd"
"246","","protoplastico","9.6はまゆう78L.brd","289.56","57.38","4","4.65","1","/Users/protoplastico/Desktop/boarddata/protoplastico/9.6はまゆう78L.brd"
"247","","protoplastico","9.6ひかげ87L.brd","289.56","59.65","4","7.40","1","/Users/protoplastico/Desktop/boarddata/protoplastico/9.6ひかげ87L.brd"
"248","","protoplastico","9.6ひのき73L.brd","289.56","56.55","4","6.00","1","/Users/protoplastico/Desktop/boarddata/protoplastico/9.6ひのき73L.brd"
"249","","protoplastico","9.6ひる69L.brd","289.56","56.55","4","4.05","0","/Users/protoplastico/Desktop/boarddata/protoplastico/9.6ひる69L.brd"
"250","","protoplastico","9.6まき72L.brd","289.56","54.38","4","6.35","1","/Users/protoplastico/Desktop/boarddata/protoplastico/9.6まき72L.brd"
"251","","protoplastico","9.6まつ76L.brd","289.56","57.97","4","7.39","1","/Users/protoplastico/Desktop/boarddata/protoplastico/9.6まつ76L.brd"
"252","","protoplastico","9.6まめ76L.brd","289.56","57.97","4","5.07","1","/Users/protoplastico/Desktop/boarddata/protoplastico/9.6まめ76L.brd"
"253","","protoplastico","9.6むぎ76L.brd","289.56","58.11","5","10.16","1","/Users/protoplastico/Desktop/boarddata/protoplastico/9.6むぎ76L.brd"
"254","","protoplastico","9.6やなぎ78L.brd","289.56","55.86","5","3.78","0","/Users/protoplastico/Desktop/boarddata/protoplastico/9.6やなぎ78L.brd"
"255","","protoplastico","9.6やますげ75L.brd","289.56","57.38","4","6.28","1","/Users/protoplastico/Desktop/boarddata/protoplastico/9.6やますげ75L.brd"
"256","","protoplastico","9.6ゆり78L.brd","289.56","58.11","3","1.08","0","/Users/protoplastico/Desktop/boarddata/protoplastico/9.6ゆり78L.brd"
"257","","protoplastico","9.6らに66L.brd","289.56","54.38","4","6.35","1","/Users/protoplastico/Desktop/boarddata/protoplastico/9.6らに66L.brd"
"258","","protoplastico","9.7はなかつみ74L.brd","289.56","56.45","4","4.35","0","/Users/protoplastico/Desktop/boarddata/protoplastico/9.7はなかつみ74L.brd"
"259","","protoplastico","9.7みら73L.brd","292.61","57.84","3","1.96","0","/Users/protoplastico/Desktop/boarddata/protoplastico/9.7みら73L.brd"
"260","","protoplastico","9.8ちばな74L.brd","294.64","55.07","4","7.40","1","/Users/protoplastico/Desktop/boarddata/protoplastico/9.8ちばな74L.brd"
"261","","protoplastico","9.8つるばみ88L.brd","294.64","59.30","4","7.40","1","/Users/protoplastico/Desktop/boarddata/protoplastico/9.8つるばみ88L.brd"
"262","","protoplastico","9'こも80L.brd","274.32","57.22","5","18.13","0","/Users/protoplastico/Desktop/boarddata/protoplastico/9'こも80L.brd"
"263","","protoplastico/original","10.6あさぢ102L.brd","320.04","57.49","5","17.94","0","/Users/protoplastico/Desktop/boarddata/protoplastico/original/10.6あさぢ102L.brd"
"264","","protoplastico/original","10.6つばな96L.brd","320.04","57.22","5","17.76","0","/Users/protoplastico/Desktop/boarddata/protoplastico/original/10.6つばな96L.brd"
"265","","protoplastico/original","12'つちはり158.brd","325.12","50.16","5","5.40","1","/Users/protoplastico/Desktop/boarddata/protoplastico/original/12'つちはり158.brd"
"266","","protoplastico/original","5.10うけら33L.brd","177.80","53.62","3","2.24","0","/Users/protoplastico/Desktop/boarddata/protoplastico/original/5.10うけら33L.brd"
"267","","protoplastico/original","5.10やまたず28L.brd","177.80","49.62","5","2.44","0","/Users/protoplastico/Desktop/boarddata/protoplastico/original/5.10やまたず28L.brd"
"268","","protoplastico/original","5.11つまま30L.brd","180.34","50.53","4","3.35","0","/Users/protoplastico/Desktop/boarddata/protoplastico/original/5.11つまま30L.brd"
"269","","protoplastico/original","5.4つみ28L.brd","162.56","49.91","4","5.44","0","/Users/protoplastico/Desktop/boarddata/protoplastico/original/5.4つみ28L.brd"
"270","","protoplastico/original","5.6なつめ32L.brd","167.64","53.26","4","10.00","1","/Users/protoplastico/Desktop/boarddata/protoplastico/original/5.6なつめ32L.brd"
"271","","protoplastico/original","5.9ひし31L.brd","175.26","54.87","5","5.46","0","/Users/protoplastico/Desktop/boarddata/protoplastico/original/5.9ひし31L.brd"
"272","","protoplastico/original","5'10あふひ45L.brd","178.69","60.31","5","15.92","1","/Users/protoplastico/Desktop/boarddata/protoplastico/original/5'10あふひ45L.brd"
"273","","protoplastico/original","6.0あふち35L.brd","182.88","51.38","6","5.31","1","/Users/protoplastico/Desktop/boarddata/protoplastico/original/6.0あふち35L.brd"
"274","","protoplastico/original","6.0かし34L.brd","182.88","48.10","6","5.95","1","/Users/protoplastico/Desktop/boarddata/protoplastico/original/6.0かし34L.brd"
"275","","protoplastico/original","6.0たはみづら32L.brd","182.88","48.10","6","5.14","1","/Users/protoplastico/Desktop/boarddata/protoplastico/original/6.0たはみづら32L.brd"
"276","","protoplastico/original","6.0つばき39L.brd","182.88","56.93","3","1.96","0","/Users/protoplastico/Desktop/boarddata/protoplastico/original/6.0つばき39L.brd"
"277","","protoplastico/original","6.0ははそ32L.brd","182.88","51.32","4","7.61","1","/Users/protoplastico/Desktop/boarddata/protoplastico/original/6.0ははそ32L.brd"
"278","","protoplastico/original","6.0はり39L.brd","182.88","55.16","5","11.76","1","/Users/protoplastico/Desktop/boarddata/protoplastico/original/6.0はり39L.brd"
"279","","protoplastico/original","6.1うのはな33L.brd","185.42","47.28","4","4.88","0","/Users/protoplastico/Desktop/boarddata/protoplastico/original/6.1うのはな33L.brd"
"280","","protoplastico/original","6.1かほばな34L.brd","185.42","51.17","8","7.59","1","/Users/protoplastico/Desktop/boarddata/protoplastico/original/6.1かほばな34L.brd"
"281","","protoplastico/original","6.1つな29L.brd","185.42","49.64","4","2.20","0","/Users/protoplastico/Desktop/boarddata/protoplastico/original/6.1つな29L.brd"
"282","","protoplastico/original","6.2やまあい36L.brd","187.96","50.68","6","4.76","1","/Users/protoplastico/Desktop/boarddata/protoplastico/original/6.2やまあい36L.brd"
"283","","protoplastico/original","6.2やまたちばな30L.brd","187.96","47.76","5","1.47","0","/Users/protoplastico/Desktop/boarddata/protoplastico/original/6.2やまたちばな30L.brd"
"284","","protoplastico/original","6.6かや40L.brd","198.12","54.61","3","2.59","0","/Users/protoplastico/Desktop/boarddata/protoplastico/original/6.6かや40L.brd"
"285","","protoplastico/original","6.6たで41L.brd","198.12","53.27","3","1.41","0","/Users/protoplastico/Desktop/boarddata/protoplastico/original/6.6たで41L.brd"
"286","","protoplastico/original","6.6ふじ44L.brd","198.12","55.10","3","1.18","0","/Users/protoplastico/Desktop/boarddata/protoplastico/original/6.6ふじ44L.brd"
"287","","protoplastico/original","6.6まゆみ32L.brd","198.12","53.66","3","0.62","0","/Users/protoplastico/Desktop/boarddata/protoplastico/original/6.6まゆみ32L.brd"
"288","","protoplastico/original","6.8こなら47L.brd","203.20","57.83","5","1.72","0","/Users/protoplastico/Desktop/boarddata/protoplastico/original/6.8こなら47L.brd"
"289","","protoplastico/original","6.8さかき44L.brd","203.20","57.83","3","1.84","0","/Users/protoplastico/Desktop/boarddata/protoplastico/original/6.8さかき44L.brd"
"290","","protoplastico/original","6.8はじ39L.brd","203.20","49.83","4","2.38","0","/Users/protoplastico/Desktop/boarddata/protoplastico/original/6.8はじ39L.brd"
"291","","protoplastico/original","7.10いちひ54L.brd","238.76","52.81","3","1.13","0","/Users/protoplastico/Desktop/boarddata/protoplastico/original/7.10いちひ54L.brd"
"292","","protoplastico/original","7.2さきくさ44L.brd","218.44","54.09","4","5.20","0","/Users/protoplastico/Desktop/boarddata/protoplastico/original/7.2さきくさ44L.brd"
"293","","protoplastico/original","7.2なつめ50L.brd","218.44","51.49","5","0.00","1","/Users/protoplastico/Desktop/boarddata/protoplastico/original/7.2なつめ50L.brd"
"294","","protoplastico/original","7.2はり44L.brd","218.44","51.08","3","2.59","0","/Users/protoplastico/Desktop/boarddata/protoplastico/original/7.2はり44L.brd"
"295","","protoplastico/original","7.4すもも96L.brd","224.00","73.36","4","6.88","0","/Users/protoplastico/Desktop/boarddata/protoplastico/original/7.4すもも96L.brd"
"296","","protoplastico/original","7.6からあい47L.brd","228.60","48.89","3","1.24","0","/Users/protoplastico/Desktop/boarddata/protoplastico/original/7.6からあい47L.brd"
"297","","protoplastico/original","7.6ふじばかま41L.brd","228.60","55.80","5","3.54","1","/Users/protoplastico/Desktop/boarddata/protoplastico/original/7.6ふじばかま41L.brd"
"298","","protoplastico/original","8.6ひめゆり63L.brd","259.08","57.40","3","0.99","0","/Users/protoplastico/Desktop/boarddata/protoplastico/original/8.6ひめゆり63L.brd"
"299","","protoplastico/original","8.8つがのき56L.brd","259.08","53.36","5","8.65","1","/Users/protoplastico/Desktop/boarddata/protoplastico/original/8.8つがのき56L.brd"
"300","","protoplastico/original","8'2ゆづるは57L.brd","246.89","56.98","5","6.01","0","/Users/protoplastico/Desktop/boarddata/protoplastico/original/8'2ゆづるは57L.brd"
"301","","protoplastico/original","8かわやなぎ58L.brd","243.84","56.27","4","3.05","0","/Users/protoplastico/Desktop/boarddata/protoplastico/original/8かわやなぎ58L.brd"
"302","","protoplastico/original","8さはあららぎ54L.brd","243.84","56.27","4","3.05","0","/Users/protoplastico/Desktop/boarddata/protoplastico/original/8さはあららぎ54L.brd"
"303","","protoplastico/original","9.0あやめぐさ71L.brd","274.32","54.19","3","1.09","0","/Users/protoplastico/Desktop/boarddata/protoplastico/original/9.0あやめぐさ71L.brd"
"304","","protoplastico/original","9.0けい71L.brd","274.32","55.56","4","7.15","1","/Users/protoplastico/Desktop/boarddata/protoplastico/original/9.0けい71L.brd"
"305","","protoplastico/original","9.0ぬばたま69L.brd","274.32","54.19","3","1.10","0","/Users/protoplastico/Desktop/boarddata/protoplastico/original/9.0ぬばたま69L.brd"
"306","","protoplastico/original","9.0はなかすみ71L.brd","274.32","55.56","4","7.15","1","/Users/protoplastico/Desktop/boarddata/protoplastico/original/9.0はなかすみ71L.brd"
"307","","protoplastico/original","9.2しばくさ66L.brd","279.40","57.85","3","1.42","0","/Users/protoplastico/Desktop/boarddata/protoplastico/original/9.2しばくさ66L.brd"
"308","","protoplastico/original","9.3ささ70L.brd","282.70","56.77","3","0.54","0","/Users/protoplastico/Desktop/boarddata/protoplastico/original/9.3ささ70L.brd"
"309","","protoplastico/original","9.3なでしこ76L.brd","281.94","59.03","4","7.11","1","/Users/protoplastico/Desktop/boarddata/protoplastico/original/9.3なでしこ76L.brd"
"310","","protoplastico/original","9.4もも135L.brd","284.99","77.73","4","10.62","1","/Users/protoplastico/Desktop/boarddata/protoplastico/original/9.4もも135L.brd"
"311","","protoplastico/original","9.6かきつばた69L.brd","289.56","56.55","4","8.67","1","/Users/protoplastico/Desktop/boarddata/protoplastico/original/9.6かきつばた69L.brd"
"312","","protoplastico/original","9.6しの76L.brd","289.56","59.05","3","0.86","0","/Users/protoplastico/Desktop/boarddata/protoplastico/original/9.6しの76L.brd"
"313","","protoplastico/original","9.6すず81L.brd","289.56","62.30","5","5.78","0","/Users/protoplastico/Desktop/boarddata/protoplastico/original/9.6すず81L.brd"
"314","","protoplastico/original","9.6ちばな68L.brd","289.56","57.78","4","5.93","1","/Users/protoplastico/Desktop/boarddata/protoplastico/original/9.6ちばな68L.brd"
"315","","protoplastico/original","9.6つがのき87L.brd","289.56","62.30","5","9.53","1","/Users/protoplastico/Desktop/boarddata/protoplastico/original/9.6つがのき87L.brd"
"316","","protoplastico/original","9.6ねぶ65L.brd","284.48","56.04","5","2.31","0","/Users/protoplastico/Desktop/boarddata/protoplastico/original/9.6ねぶ65L.brd"
"317","","protoplastico/original","9.6はまゆう78L.brd","289.56","57.38","4","4.65","1","/Users/protoplastico/Desktop/boarddata/protoplastico/original/9.6はまゆう78L.brd"
"318","","protoplastico/original","9.6ひかげ87L.brd","289.56","59.65","4","7.40","1","/Users/protoplastico/Desktop/boarddata/protoplastico/original/9.6ひかげ87L.brd"
"319","","protoplastico/original","9.6ひる69L.brd","289.56","56.55","4","4.05","0","/Users/protoplastico/Desktop/boarddata/protoplastico/original/9.6ひる69L.brd"
"320","","protoplastico/original","9.6まき72L.brd","289.56","54.38","4","6.35","1","/Users/protoplastico/Desktop/boarddata/protoplastico/original/9.6まき72L.brd"
"321","","protoplastico/original","9.6むぎ76L.brd","289.56","58.11","5","10.16","1","/Users/protoplastico/Desktop/boarddata/protoplastico/original/9.6むぎ76L.brd"
"322","","protoplastico/original","9.6やなぎ78L.brd","289.56","59.76","5","3.78","0","/Users/protoplastico/Desktop/boarddata/protoplastico/original/9.6やなぎ78L.brd"
"323","","protoplastico/original","9.6やますげ75L.brd","289.56","57.38","4","6.28","1","/Users/protoplastico/Desktop/boarddata/protoplastico/original/9.6やますげ75L.brd"
"324","","protoplastico/original","9.6ゆり78L.brd","289.56","58.11","3","1.08","0","/Users/protoplastico/Desktop/boarddata/protoplastico/original/9.6ゆり78L.brd"
"325","","protoplastico/original","9.6らに66L.brd","289.56","54.38","4","6.35","1","/Users/protoplastico/Desktop/boarddata/protoplastico/original/9.6らに66L.brd"
"326","","protoplastico/original","9.7はなかつみ74L.brd","289.56","56.45","4","4.35","0","/Users/protoplastico/Desktop/boarddata/protoplastico/original/9.7はなかつみ74L.brd"
"327","","protoplastico/original","9.7みら73L.brd","292.61","57.84","3","1.96","0","/Users/protoplastico/Desktop/boarddata/protoplastico/original/9.7みら73L.brd"
"328","","protoplastico/original","9.8すすき73L.brd","294.64","56.36","5","1.85","0","/Users/protoplastico/Desktop/boarddata/protoplastico/original/9.8すすき73L.brd"
"329","","protoplastico/original","9.8ちばな74L.brd","294.64","55.07","4","7.40","1","/Users/protoplastico/Desktop/boarddata/protoplastico/original/9.8ちばな74L.brd"
"330","","protoplastico/original","9.8つるばみ88L.brd","294.64","59.30","4","7.40","1","/Users/protoplastico/Desktop/boarddata/protoplastico/original/9.8つるばみ88L.brd"
"331","","protoplastico/original","9'こも80L.brd","274.32","57.22","5","18.13","0","/Users/protoplastico/Desktop/boarddata/protoplastico/original/9'こも80L.brd"
"332","","simon anderson","6.1thurster34L.brd","185.42","51.17","8","7.59","1","/Users/protoplastico/Desktop/boarddata/simon anderson/6.1thurster34L.brd"
"333","","simon anderson","7.6single.brd","228.60","48.89","3","1.24","0","/Users/protoplastico/Desktop/boarddata/simon anderson/7.6single.brd"